{
	 "rootnode": {
		 "name": "RootNode"
		,"transformation": [
			 1
			,0
			,0
			,0
			,0
			,1
			,0
			,0
			,0
			,0
			,1
			,0
			,0
			,0
			,0
			,1
		]
		,"children": [
			{
				 "name": "Plane"
				,"transformation": [
					 80
					,0
					,0
					,0
					,0
					,-1.30337e-005
					,80
					,0
					,0
					,-80
					,-1.30337e-005
					,0
					,0
					,0
					,0
					,1
				]
				,"meshes": [
					 0
				]
			}
		]
	}
	,"flags": 8
	,"meshes": [
		{
			 "name": "Plane"
			,"materialindex": 0
			,"primitivetypes": 4
			,"vertices": [
				 -1
				,-3
				,0
				,1
				,-3
				,0
				,1
				,-1
				,0
				,-1
				,-1
				,0
				,-1
				,-1
				,0
				,1
				,-1
				,0
				,1
				,1
				,0
				,-1
				,1
				,0
				,-1
				,1
				,0
				,1
				,1
				,0
				,1
				,3
				,0
				,-1
				,3
				,0
			]
			,"normals": [
				 0
				,0
				,1
				,0
				,0
				,1
				,0
				,0
				,1
				,0
				,0
				,1
				,0
				,0
				,1
				,0
				,0
				,1
				,0
				,0
				,1
				,0
				,0
				,1
				,0
				,0
				,1
				,0
				,0
				,1
				,0
				,0
				,1
				,0
				,0
				,1
			]
			,"tangents": [
				 1
				,0
				,0
				,1
				,0
				,0
				,1
				,0
				,0
				,1
				,0
				,0
				,1
				,0
				,0
				,1
				,0
				,0
				,1
				,0
				,0
				,1
				,0
				,0
				,1
				,0
				,0
				,1
				,0
				,0
				,1
				,0
				,0
				,1
				,0
				,0
			]
			,"bitangents": [
				 -5.96166e-008
				,-1
				,0
				,0
				,-1
				,0
				,-3.97444e-008
				,-1
				,0
				,-5.96166e-008
				,-1
				,0
				,-5.96166e-008
				,-1
				,0
				,-3.97444e-008
				,-1
				,0
				,-3.97444e-008
				,-1
				,0
				,-5.96166e-008
				,-1
				,0
				,-5.96166e-008
				,-1
				,0
				,-3.97444e-008
				,-1
				,0
				,-5.96166e-008
				,-1
				,0
				,-5.96166e-008
				,-1
				,0
			]
			,"numuvcomponents": [
				 2
			]
			,"texturecoords": [
				[
					 -3.4992
					,-3.4992
					,4.4992
					,-3.4992
					,4.4992
					,4.4992
					,-3.4992
					,4.4992
					,-3.4992
					,-3.4992
					,4.4992
					,-3.4992
					,4.4992
					,4.4992
					,-3.4992
					,4.4992
					,-3.4992
					,-3.4992
					,4.4992
					,-3.4992
					,4.4992
					,4.4992
					,-3.4992
					,4.4992
				]
			]
			,"faces": [
				[
					 0
					,1
					,2
				]
				,[
					 0
					,2
					,3
				]
				,[
					 4
					,5
					,6
				]
				,[
					 4
					,6
					,7
				]
				,[
					 8
					,9
					,10
				]
				,[
					 8
					,10
					,11
				]
			]
		}
	]
	,"materials": [
		{
			 "properties": [
				{
					 "key": "?mat.name"
					,"semantic": 0
					,"index": 0
					,"type": 3
					,"value": "Material.001"
				}
				,{
					 "key": "$clr.diffuse"
					,"semantic": 0
					,"index": 0
					,"type": 1
					,"value": [
						 0.64
						,0.64
						,0.64
					]
				}
				,{
					 "key": "$clr.emissive"
					,"semantic": 0
					,"index": 0
					,"type": 1
					,"value": [
						 0
						,0
						,0
					]
				}
				,{
					 "key": "$clr.ambient"
					,"semantic": 0
					,"index": 0
					,"type": 1
					,"value": [
						 0
						,0
						,0
					]
				}
				,{
					 "key": "$clr.specular"
					,"semantic": 0
					,"index": 0
					,"type": 1
					,"value": [
						 0.25
						,0.25
						,0.25
					]
				}
				,{
					 "key": "$mat.shinpercent"
					,"semantic": 0
					,"index": 0
					,"type": 1
					,"value": 9.60784
				}
				,{
					 "key": "$mat.shininess"
					,"semantic": 0
					,"index": 0
					,"type": 1
					,"value": 9.60784
				}
				,{
					 "key": "$tex.file"
					,"semantic": 1
					,"index": 0
					,"type": 3
					,"value": "X:\\WebGL\\webgl test\\textures\\terrain.jpg"
				}
				,{
					 "key": "$tex.uvtrafo"
					,"semantic": 1
					,"index": 0
					,"type": 1
					,"value": [
						 0
						,0
						,1
						,1
						,0
					]
				}
				,{
					 "key": "$tex.uvwsrc"
					,"semantic": 1
					,"index": 0
					,"type": 4
					,"value": 0
				}
			]
		}
	]
}
